k,sample,time,best_ll,theta_0,theta_1,theta_2,theta_3
1,1,72.55,-0.2711,0.9999,0.0001,0.0001,0.7628
1,2,98.16,-1.4427,0.9999,0.6206,0.6155,0.8586
1,3,48.36,-2.7381,0.9999,0.8081,0.3804,0.3385
1,4,96.48,-1.4427,0.9999,0.6205,0.6156,0.8586
1,5,48.44,-2.7264,0.9999,0.8038,0.3842,0.3415
1,6,48.16,-2.7305,0.9999,0.8053,0.3826,0.34
1,7,72.97,-0.2711,0.9999,0.0001,0.0001,0.7628
1,8,72.39,-0.2711,0.9999,0.0001,0.0001,0.7628
1,9,35.33,-2.7008,0.9999,0.394,0.7949,0.3508
2,1,53.36,-5.2326,0.9999,0.1106,0.2204,0.441
2,2,79.13,-1.3074,0.9999,0.0001,0.0001,0.7261
2,3,54.16,-5.8527,0.9999,0.2969,0.3452,0.3087
2,4,92.68,-5.7339,0.9999,0.2638,0.2544,0.6536
2,5,103.25,-8.7488,0.9999,0.4002,0.3938,0.7994
2,6,79.07,-1.3074,0.9999,0.0001,0.0001,0.7261
2,7,45.07,-7.2477,0.9999,0.247,0.2597,0.646
2,8,71.39,-8.9139,0.5096,0.5095,0.5102,0.5103
2,9,71.8,-6.8035,0.9999,0.3607,0.5635,0.2638
2,10,60.78,-6.9487,0.9999,0.2821,0.2373,0.7782
2,11,52.58,-8.5994,0.9999,0.3251,0.4501,0.5779
2,12,117.39,-8.2411,0.9999,0.5827,0.6009,0.8564
2,13,55.19,-7.8684,0.7983,0.2794,0.3004,0.7512
2,14,64.55,-0.2711,0.9999,0.0001,0.0001,0.7628
2,15,50.8,-6.8614,0.9999,0.2596,0.2555,0.5686
2,16,66.76,-7.8334,0.9999,0.366,0.3535,0.8122
2,17,76.56,-6.9683,0.9999,0.3356,0.384,0.8251
2,18,79.39,-1.3074,0.9999,0.0001,0.0001,0.7261
2,19,22.58,-6.3706,0.9999,0.5115,0.648,0.0269
2,20,46.77,-7.963,0.9999,0.4124,0.4066,0.4787
2,21,79.52,-1.3074,0.9999,0.0001,0.0001,0.7261
2,22,87.36,-6.9836,0.9999,0.3454,0.3692,0.8277
2,23,51.55,-7.8393,0.8288,0.2803,0.2895,0.7376
2,24,80.05,-9.8824,0.9999,0.5784,0.7868,0.4917
2,25,70.44,-8.9138,0.5193,0.5166,0.5173,0.5148
2,26,55.25,-7.8589,0.7994,0.2851,0.2882,0.7532
2,27,24.65,-6.6421,0.9999,0.519,0.6021,0.0624
2,28,84.24,-6.1467,0.9999,0.2839,0.2859,0.6422
2,29,59.33,-5.086,0.9999,0.1513,0.1147,0.7608
2,30,64.52,-0.2711,0.9999,0.0001,0.0001,0.7628
3,1,58.42,-19.7488,0.9999,0.2174,0.2213,0.7708
3,2,94.24,-29.3186,0.9999,0.5397,0.671,0.3249
3,3,49.43,-18.1334,0.9999,0.2653,0.326,0.3502
3,4,56.11,-20.8057,0.9999,0.2862,0.3563,0.4267
3,5,66.13,-13.1869,0.9999,0.1258,0.1468,0.7607
3,6,54.96,-17.1437,0.9999,0.1871,0.2445,0.5836
3,7,60.63,-17.684,0.9999,0.2211,0.1908,0.6281
3,8,63.62,-26.7484,0.9999,0.3774,0.3874,0.615
3,9,67.77,-24.2566,0.9999,0.2941,0.2894,0.7852
3,10,61.05,-14.4855,0.9999,0.1884,0.1318,0.6122
3,11,58.99,-14.2834,0.9999,0.1946,0.1295,0.5972
3,12,80.65,-24.3837,0.9999,0.3658,0.286,0.6219
3,13,86.72,-19.1446,0.9999,0.2338,0.2361,0.7188
3,14,61.06,-16.2847,0.9999,0.1653,0.1814,0.7743
3,15,62.33,-27.3303,0.8227,0.3636,0.359,0.8087
3,16,55.91,-20.828,0.9999,0.2765,0.3782,0.4423
3,17,79.11,-21.1976,0.9999,0.3763,0.3626,0.4477
3,18,56.44,-20.3314,0.9431,0.2097,0.2431,0.7637
3,19,68.77,-28.495,0.9999,0.3452,0.4477,0.6407
3,20,69.29,-22.0259,0.9999,0.2688,0.2992,0.6204
3,21,64.65,-20.8146,0.9999,0.2792,0.2734,0.6497
3,22,60.99,-21.1637,0.9999,0.2536,0.222,0.7922
3,23,77.55,-22.41,0.9999,0.4921,0.4755,0.293
3,24,75.16,-26.1473,0.9999,0.3285,0.3454,0.8023
3,25,49.87,-19.5809,0.9999,0.2118,0.2353,0.6964
3,26,59.72,-26.3035,0.9999,0.3774,0.4135,0.5912
3,27,62.89,-19.5698,0.9999,0.3316,0.2583,0.5026
3,28,54.7,-19.8783,0.9999,0.4168,0.4184,0.255
3,29,77.96,-12.6517,0.9999,0.1204,0.1713,0.6417
3,30,71.46,-24.0226,0.9999,0.3398,0.3306,0.6975
4,1,74.21,-67.5858,0.7215,0.3624,0.3655,0.7161
4,2,61.49,-48.695,0.9999,0.2571,0.2234,0.6238
4,3,64.08,-67.9078,0.9999,0.3407,0.3055,0.6545
4,4,61.68,-66.0297,0.9999,0.2737,0.2676,0.795
4,5,78.7,-73.6697,0.9999,0.3137,0.3013,0.8021
4,6,71.24,-64.8777,0.9999,0.3962,0.2766,0.5428
4,7,53.67,-54.2711,0.9999,0.2655,0.2649,0.5914
4,8,63.91,-56.7706,0.9999,0.2732,0.2565,0.6432
4,9,70.36,-78.6138,0.9999,0.3856,0.336,0.6103
4,10,63.17,-47.9114,0.9999,0.2144,0.2491,0.6027
4,11,78.48,-77.6955,0.9999,0.3977,0.4077,0.508
4,12,65.96,-60.8369,0.9029,0.3028,0.3075,0.6388
4,13,71.42,-59.1486,0.9999,0.231,0.2197,0.7837
4,14,66.65,-80.8619,0.9999,0.4163,0.3945,0.5452
4,15,61.1,-41.9456,0.9999,0.2951,0.2455,0.3767
4,16,73.77,-65.7176,0.9999,0.2901,0.3069,0.7187
4,17,69.41,-70.3099,0.9999,0.3903,0.4141,0.45
4,18,72.92,-69.9751,0.9999,0.317,0.315,0.6728
4,19,69.16,-63.8206,0.9519,0.2992,0.3052,0.6475
4,20,64.19,-70.7474,0.8155,0.3274,0.33,0.7446
4,21,60.46,-56.6539,0.9641,0.2516,0.2432,0.6675
4,22,57.11,-45.2875,0.9999,0.2236,0.2694,0.5015
4,23,66.58,-67.8203,0.8129,0.3205,0.3178,0.7757
4,24,73.37,-64.4617,0.9999,0.34,0.3194,0.5575
4,25,77.71,-50.4552,0.9999,0.3972,0.2803,0.356
4,26,52.61,-49.0594,0.9999,0.2394,0.2641,0.563
4,27,65.03,-66.2125,0.9999,0.3373,0.3321,0.5423
4,28,66.97,-74.0765,0.9999,0.3949,0.3368,0.6025
4,29,83.08,-79.2773,0.9272,0.4331,0.4201,0.5065
4,30,84.53,-66.1609,0.9999,0.2907,0.3288,0.6734
5,1,72.89,-169.5613,0.9999,0.346,0.3166,0.5245
5,2,71.98,-166.1662,0.9999,0.329,0.2819,0.5778
5,3,76.67,-164.5977,0.9999,0.3095,0.261,0.6535
5,4,73.91,-163.8195,0.9999,0.3406,0.2912,0.5811
5,5,72.08,-194.6195,0.9999,0.368,0.3578,0.5584
5,6,73.24,-154.1965,0.9999,0.2901,0.281,0.6198
5,7,72.25,-159.0059,0.9999,0.367,0.2968,0.4851
5,8,79.42,-169.4286,0.9999,0.3377,0.3591,0.5133
5,9,85.91,-181.7776,0.971,0.2998,0.3311,0.6528
5,10,78.32,-149.5392,0.9999,0.2649,0.2633,0.6196
5,11,71.48,-157.2469,0.9999,0.2686,0.3032,0.6218
5,12,83.65,-183.4156,0.9948,0.3086,0.3438,0.584
5,13,86.3,-198.7485,0.9491,0.3666,0.3927,0.5644
5,14,73.6,-126.0633,0.9999,0.1838,0.2035,0.7807
5,15,72.04,-173.8343,0.9999,0.3441,0.3314,0.5457
5,16,62.93,-116.3033,0.9999,0.2237,0.2436,0.5664
5,17,62.62,-145.7999,0.9999,0.2794,0.2661,0.6152
5,18,73.51,-144.3425,0.9999,0.2499,0.266,0.6437
5,19,90.17,-204.0363,0.9999,0.399,0.3818,0.5354
5,20,76.27,-177.9457,0.9999,0.3085,0.3478,0.5882
5,21,74.62,-165.4802,0.9948,0.3096,0.3504,0.5147
5,22,70.37,-161.8882,0.9931,0.2977,0.3116,0.5614
5,23,80.7,-176.2796,0.9999,0.3476,0.3631,0.4966
5,24,73.86,-174.8086,0.9999,0.3086,0.3017,0.6339
5,25,75.03,-162.6991,0.9999,0.3198,0.3742,0.4649
5,26,70.05,-144.932,0.9999,0.2931,0.2966,0.5427
5,27,81.29,-188.9813,0.9999,0.3019,0.2828,0.7093
5,28,67.72,-150.2656,0.9999,0.2765,0.2776,0.6192
5,29,71.11,-160.6177,0.9463,0.3117,0.3041,0.5781
5,30,73.93,-146.5654,0.9999,0.289,0.3182,0.5134
6,1,110.31,-3.3174,0.9999,0.0001,0.0001,0.7355
6,2,80.69,-8.4598,0.9999,0.0574,0.0423,0.745
6,3,66.25,-12.0455,0.9999,0.0956,0.0995,0.7457
6,4,60.49,-12.4494,0.9999,0.1015,0.0879,0.7362
6,5,52.61,-22.7972,0.8332,0.1644,0.1596,0.3998
6,6,65.07,-14.9083,0.9648,0.1291,0.1283,0.7537
6,7,81.84,-8.4418,0.9999,0.0542,0.0497,0.7454
6,8,56.1,-19.2285,0.9999,0.1091,0.1027,0.3809
6,9,51.1,-22.7018,0.9999,0.1385,0.1227,0.402
6,10,71.89,-16.5799,0.9999,0.0588,0.0639,0.518
6,11,60.61,-12.4491,0.9999,0.101,0.0944,0.737
6,12,71.81,-16.5485,0.9999,0.0656,0.053,0.5281
6,13,58.58,-12.453,0.9999,0.1021,0.0959,0.7362
6,14,58.91,-20.2694,0.9999,0.098,0.0889,0.4649
6,15,110.42,-3.3174,0.9999,0.0001,0.0001,0.7355
6,16,71.73,-16.56,0.9999,0.0651,0.057,0.5125
6,17,50.67,-22.6923,0.9999,0.1232,0.1343,0.393
6,18,66.46,-14.9134,0.9628,0.1303,0.1376,0.7548
6,19,114.74,-3.1653,0.9999,0.0001,0.0001,0.7436
6,20,57.27,-19.5296,0.9999,0.0915,0.0948,0.4532
6,21,110.29,-3.3174,0.9999,0.0001,0.0001,0.7355
6,22,59.76,-19.5565,0.9999,0.1026,0.091,0.4521
6,23,50.82,-22.7072,0.9999,0.1382,0.1231,0.4031
6,24,81.98,-8.4731,0.9999,0.0561,0.0482,0.7452
6,25,67.0,-12.0698,0.9999,0.0991,0.0935,0.7466
6,26,67.52,-12.0719,0.9999,0.1018,0.0969,0.7461
6,27,72.01,-16.617,0.9999,0.0582,0.0641,0.5299
6,28,60.36,-12.4745,0.9999,0.095,0.1003,0.7371
6,29,60.16,-12.4489,0.9947,0.0931,0.1041,0.7359
6,30,110.94,-3.3174,0.9999,0.0001,0.0001,0.7355
7,1,51.38,-140.206,0.9999,0.1747,0.1781,0.4571
7,2,54.27,-126.6713,0.9999,0.1481,0.1339,0.4964
7,3,57.94,-127.2607,0.9999,0.1371,0.1369,0.5374
7,4,61.86,-128.4263,0.9999,0.1565,0.1529,0.4966
7,5,53.92,-136.0413,0.9999,0.1544,0.1626,0.4694
7,6,49.24,-150.1959,0.9999,0.2189,0.1955,0.4079
7,7,55.86,-118.1885,0.9999,0.1274,0.1387,0.5
7,8,64.07,-93.3969,0.9999,0.1701,0.1759,0.6641
7,9,57.16,-127.6722,0.9999,0.1262,0.1548,0.4959
7,10,56.88,-122.1425,0.9999,0.1379,0.1401,0.511
7,11,57.3,-127.8905,0.9999,0.1492,0.1432,0.4845
7,12,63.72,-97.4027,0.9999,0.1529,0.1434,0.7233
7,13,66.15,-98.2474,0.9999,0.1675,0.1593,0.7256
7,14,60.16,-128.1266,0.9999,0.1578,0.1603,0.4793
7,15,57.55,-120.2499,0.9999,0.1426,0.1265,0.4914
7,16,64.06,-95.9758,0.9999,0.1532,0.1522,0.7429
7,17,50.95,-139.467,0.9519,0.1717,0.18,0.4652
7,18,64.07,-95.2257,0.9999,0.1417,0.1511,0.7572
7,19,53.55,-130.7784,0.9999,0.1643,0.1563,0.448
7,20,63.27,-94.5777,0.9776,0.1475,0.1467,0.7663
7,21,53.85,-135.1218,0.9999,0.1912,0.1507,0.4597
7,22,58.09,-119.9593,0.9999,0.1349,0.1153,0.5272
7,23,54.25,-122.1076,0.9999,0.1274,0.1322,0.5167
7,24,57.08,-131.6441,0.9999,0.1583,0.1569,0.4845
7,25,58.95,-123.3862,0.9999,0.1441,0.1288,0.5262
7,26,63.87,-112.3685,0.9999,0.1066,0.1123,0.5592
7,27,55.44,-120.4664,0.9999,0.1349,0.1271,0.5409
7,28,58.08,-114.6036,0.8986,0.2193,0.2083,0.7114
7,29,55.17,-132.1976,0.9999,0.1594,0.1671,0.4481
7,30,54.75,-127.9107,0.9999,0.1428,0.1454,0.4798
8,1,56.41,-964.2457,0.9999,0.1924,0.1949,0.574
8,2,56.48,-980.6453,0.9999,0.2036,0.1889,0.555
8,3,56.61,-979.0306,0.9999,0.1879,0.1866,0.5364
8,4,85.75,-2402.0164,0.9915,0.2929,0.2933,0.5789
8,5,92.03,-2531.9837,0.9503,0.3234,0.3216,0.5687
8,6,81.95,-2417.6578,0.9999,0.3053,0.3144,0.5689
8,7,90.14,-2505.1352,0.9645,0.3383,0.325,0.5598
8,8,87.67,-2467.7857,0.9747,0.3006,0.3098,0.5754
8,9,85.33,-2402.9885,0.9937,0.2813,0.297,0.5923
8,10,84.75,-2419.9104,0.9895,0.2995,0.2938,0.5726
8,11,86.11,-2463.9892,0.994,0.2993,0.307,0.5694
8,12,90.61,-2510.6008,0.9785,0.3166,0.3244,0.5818
8,13,88.41,-2473.221,0.9765,0.3183,0.322,0.5777
8,14,93.93,-2527.6944,0.957,0.3236,0.3192,0.5634
8,15,82.27,-2370.5479,0.9999,0.3045,0.3078,0.5757
8,16,87.62,-2428.8325,0.9982,0.3201,0.3173,0.5542
8,17,85.94,-2453.4286,0.9801,0.3069,0.3132,0.5534
8,18,87.06,-2467.6306,0.9799,0.3251,0.3237,0.5649
8,19,83.81,-2427.7946,0.9999,0.3092,0.2996,0.5849
8,20,84.17,-2456.7364,0.9911,0.3144,0.3062,0.5578
8,21,89.45,-2472.1855,0.9924,0.3153,0.3104,0.5501
8,22,84.36,-2439.7901,0.9999,0.3062,0.3182,0.5643
8,23,82.66,-2395.7924,0.9999,0.2893,0.2949,0.6055
8,24,82.83,-2437.6246,0.9999,0.3151,0.3098,0.5644
8,25,90.42,-2522.8645,0.9598,0.3215,0.3183,0.555
8,26,81.32,-2385.9045,0.9999,0.3032,0.2865,0.6117
8,27,86.97,-2483.1482,0.9733,0.3036,0.3085,0.5798
8,28,84.29,-2445.3721,0.9918,0.308,0.2989,0.5621
8,29,93.77,-2517.3125,0.978,0.3273,0.3109,0.5801
8,30,91.95,-2460.1583,0.9669,0.3043,0.303,0.5802
9,1,69.99,-4140.1335,0.9948,0.2717,0.267,0.5299
9,2,73.79,-4126.9674,0.9948,0.2678,0.2719,0.5442
9,3,69.97,-4178.6393,0.9999,0.2817,0.2805,0.5173
9,4,71.77,-4194.3825,0.9999,0.2706,0.2705,0.5395
9,5,72.06,-4178.6568,0.9948,0.2711,0.272,0.5312
9,6,71.23,-4181.6661,0.9999,0.2729,0.277,0.5254
9,7,71.1,-4160.903,0.9999,0.2868,0.277,0.5158
9,8,72.43,-4080.0502,0.9948,0.2645,0.263,0.5446
9,9,78.13,-4214.6966,0.9948,0.2865,0.2844,0.513
9,10,72.52,-4164.4203,0.9999,0.2778,0.2746,0.5469
9,11,74.42,-4263.201,0.9948,0.2804,0.2827,0.5164
9,12,73.47,-4100.4162,0.9948,0.2611,0.2655,0.5508
9,13,72.72,-4012.3183,0.9947,0.2569,0.2521,0.5715
9,14,76.62,-4121.414,0.9999,0.2744,0.2812,0.5489
9,15,75.64,-4191.8081,0.9949,0.2759,0.2831,0.5274
9,16,72.67,-4025.1142,0.9948,0.2505,0.2497,0.569
9,17,73.97,-4030.5979,0.9948,0.2545,0.2506,0.568
9,18,71.28,-4067.6929,0.9999,0.2622,0.2607,0.5522
9,19,73.55,-4123.1296,0.9999,0.2738,0.2734,0.5293
9,20,75.08,-4207.1418,0.9949,0.2705,0.2732,0.5442
9,21,72.77,-4199.4639,0.9946,0.2845,0.2768,0.5228
9,22,72.96,-4127.2664,0.9999,0.2605,0.2741,0.5467
9,23,77.39,-4225.0432,0.9948,0.2789,0.2824,0.5238
9,24,71.54,-4113.0383,0.9999,0.2713,0.2701,0.54
9,25,72.17,-4106.6165,0.9999,0.2715,0.263,0.5343
9,26,72.74,-4193.6361,0.9942,0.2587,0.2689,0.5506
9,27,73.9,-4150.3248,0.9946,0.2681,0.2667,0.5456
9,28,73.94,-4197.3227,0.9949,0.2743,0.273,0.5392
9,29,74.4,-4152.5279,0.9949,0.2668,0.273,0.5291
9,30,72.01,-4082.7713,0.9999,0.2625,0.2648,0.5515
10,1,88.3,-11238.5267,0.9999,0.3024,0.2949,0.5418
10,2,88.92,-11133.5832,0.9999,0.2864,0.2885,0.5613
10,3,106.86,-14353.8482,0.9938,0.3192,0.3162,0.5657
10,4,107.71,-14625.037,0.9881,0.3279,0.3223,0.5618
10,5,106.72,-14461.3677,0.9929,0.3217,0.3219,0.5587
10,6,102.26,-14426.3656,0.9887,0.3178,0.3161,0.5817
10,7,110.71,-14737.7081,0.973,0.3337,0.3324,0.5608
10,8,104.24,-14441.272,0.9898,0.3189,0.3167,0.5699
10,9,108.15,-14623.282,0.9852,0.3293,0.3279,0.5522
10,10,108.09,-14629.2249,0.984,0.3337,0.3366,0.5485
10,11,111.9,-14878.2188,0.9707,0.3434,0.3416,0.5398
10,12,107.14,-14345.6727,0.997,0.3186,0.32,0.5598
10,13,109.43,-14554.6046,0.9848,0.3274,0.3279,0.5549
10,14,104.29,-14483.9849,0.989,0.3219,0.3139,0.5717
10,15,114.62,-14794.6792,0.9709,0.3343,0.336,0.5572
10,16,104.96,-14570.2676,0.9868,0.3257,0.3217,0.5676
10,17,114.26,-14788.4831,0.9661,0.3362,0.3373,0.5537
10,18,102.3,-14435.4675,0.9898,0.3236,0.3127,0.575
10,19,104.59,-14299.8006,0.9963,0.3089,0.3143,0.5746
10,20,112.08,-14806.5252,0.9745,0.3331,0.3385,0.5508
10,21,110.26,-14721.9413,0.9772,0.3381,0.339,0.5426
10,22,108.13,-14580.4758,0.9828,0.33,0.3269,0.5583
10,23,105.3,-14563.091,0.9878,0.323,0.322,0.563
10,24,106.33,-14648.4167,0.9774,0.3312,0.3289,0.5582
10,25,103.05,-14205.4409,0.9956,0.3102,0.31,0.5784
10,26,110.8,-14728.543,0.9707,0.3299,0.3356,0.5587
10,27,112.12,-14704.4622,0.9722,0.3248,0.327,0.5757
10,28,105.79,-14527.7899,0.9852,0.3265,0.3211,0.5619
10,29,104.91,-14510.8316,0.9861,0.3193,0.3196,0.573
10,30,107.68,-14706.9743,0.9783,0.328,0.3329,0.5563
11,1,131.62,-32337.7824,0.9615,0.3414,0.3433,0.5294
11,2,124.37,-32301.5449,0.9629,0.3402,0.3414,0.5355
11,3,124.53,-32016.142,0.9726,0.3335,0.3329,0.5442
11,4,127.15,-32450.6019,0.9616,0.3455,0.3423,0.5276
11,5,131.64,-32654.479,0.9498,0.3512,0.351,0.5221
11,6,125.81,-32219.8984,0.969,0.3415,0.3418,0.5301
11,7,127.25,-32512.0707,0.9618,0.3463,0.3479,0.5196
11,8,135.94,-32665.0075,0.9534,0.3503,0.351,0.5326
11,9,125.61,-32085.1999,0.9688,0.3383,0.3425,0.5292
11,10,121.63,-31853.643,0.9739,0.3323,0.3266,0.5397
11,11,125.15,-32356.6376,0.9643,0.3379,0.3363,0.5358
11,12,122.37,-32055.7925,0.9727,0.3336,0.333,0.5374
11,13,127.74,-32115.246,0.9686,0.3348,0.3371,0.534
11,14,123.69,-32057.9462,0.977,0.3314,0.337,0.5396
11,15,126.21,-32397.03,0.954,0.3444,0.3424,0.5352
11,16,123.4,-31891.6423,0.973,0.3352,0.3352,0.5413
11,17,126.36,-32084.1521,0.9689,0.3377,0.3351,0.5316
11,18,126.66,-32329.0497,0.9677,0.3449,0.3475,0.5288
11,19,125.47,-32084.9429,0.9736,0.3388,0.3351,0.5351
11,20,125.89,-32341.0587,0.9661,0.3439,0.3414,0.5369
11,21,124.83,-32184.7067,0.9652,0.3341,0.3408,0.5378
11,22,118.79,-31998.7974,0.9748,0.34,0.3345,0.5315
11,23,118.6,-32136.615,0.9751,0.3336,0.3404,0.5349
11,24,124.6,-32310.7882,0.9613,0.3403,0.3399,0.5343
11,25,123.03,-32104.6152,0.9672,0.3408,0.3403,0.5366
11,26,124.84,-32379.571,0.9614,0.3435,0.3421,0.5322
11,27,114.98,-31835.4352,0.9733,0.332,0.3342,0.5374
11,28,122.99,-32128.7146,0.9717,0.3371,0.3389,0.5349
11,29,117.63,-32144.225,0.968,0.3381,0.3356,0.5389
11,30,125.21,-32439.1035,0.9617,0.3451,0.3427,0.5289
12,1,160.33,-82862.5764,0.9293,0.3778,0.3798,0.5059
12,2,166.05,-86977.2363,0.9255,0.3852,0.3851,0.5134
12,3,171.18,-87187.5162,0.9182,0.3849,0.3925,0.503
12,4,162.98,-87256.649,0.9231,0.3825,0.3855,0.5074
12,5,162.93,-86867.7805,0.9251,0.3865,0.3856,0.5045
12,6,172.12,-87894.765,0.9116,0.3925,0.3955,0.4967
12,7,162.12,-86862.5831,0.9329,0.3856,0.3845,0.5065
12,8,161.37,-86948.6032,0.9279,0.3832,0.3803,0.5049
12,9,168.61,-87385.4512,0.9149,0.3882,0.3873,0.5047
12,10,161.29,-86851.9617,0.9259,0.3834,0.3837,0.5019
12,11,159.83,-86748.9166,0.9265,0.3817,0.3796,0.5106
12,12,160.58,-86582.5382,0.9331,0.379,0.3765,0.5165
12,13,166.26,-87196.0897,0.927,0.3868,0.3879,0.5091
12,14,167.29,-86745.6556,0.9333,0.3858,0.3843,0.5067
12,15,165.25,-87096.9014,0.9189,0.3852,0.3861,0.5041
12,16,158.4,-86632.0905,0.9327,0.3802,0.3801,0.5176
12,17,165.64,-86992.5198,0.9249,0.3829,0.3845,0.5036
12,18,159.04,-86684.3348,0.9291,0.3795,0.3801,0.5107
12,19,163.16,-86926.7227,0.9249,0.386,0.3865,0.5076
12,20,164.3,-87663.728,0.9121,0.3918,0.3885,0.5038
12,21,162.71,-86862.6291,0.9289,0.3813,0.3833,0.5056
12,22,161.37,-87118.4078,0.9265,0.3853,0.3848,0.51
12,23,162.57,-87261.1574,0.9184,0.3846,0.3864,0.5048
12,24,159.16,-87203.7095,0.9253,0.3829,0.3842,0.5088
12,25,165.04,-87268.4278,0.9236,0.3919,0.3916,0.5008
13,1,201.38,-208345.8549,0.9012,0.4088,0.41,0.4792
13,2,199.99,-209251.0972,0.9007,0.4132,0.4147,0.4813
13,3,201.44,-209977.5,0.8935,0.4196,0.419,0.4793
13,4,204.29,-209316.024,0.8975,0.4147,0.4138,0.4861
13,5,205.1,-209903.1344,0.8918,0.4191,0.4171,0.4747
13,6,198.06,-208840.9166,0.8967,0.4122,0.4111,0.476
13,7,204.94,-209913.0261,0.8875,0.4178,0.4166,0.4728
13,8,201.01,-209713.9202,0.8951,0.4176,0.4193,0.4773
13,9,200.06,-208885.0034,0.8999,0.4146,0.4121,0.4824
13,10,203.46,-209070.0384,0.9004,0.4122,0.4122,0.4856
13,11,204.63,-209467.4645,0.8939,0.4186,0.4166,0.4769
13,12,200.69,-208562.664,0.9002,0.4103,0.4114,0.4781
13,13,200.09,-208574.8372,0.8993,0.409,0.4119,0.4802
13,14,201.6,-209443.1598,0.8907,0.4145,0.414,0.4778
13,15,213.57,-210101.6625,0.8882,0.4215,0.421,0.4691
13,16,205.04,-209364.9875,0.8958,0.4178,0.4166,0.4747
13,17,196.23,-208945.0525,0.8987,0.4118,0.4122,0.4828
13,18,197.69,-208956.4592,0.9006,0.4139,0.4136,0.4815
13,19,197.61,-208829.8934,0.8963,0.4118,0.4098,0.4792
13,20,203.56,-210288.3838,0.8868,0.4201,0.4191,0.4755
13,21,202.14,-209276.3229,0.8921,0.4136,0.4149,0.4742
13,22,205.42,-210310.9421,0.8885,0.4171,0.4172,0.4769
14,1,247.66,-495581.5653,0.8729,0.4355,0.4355,0.4532
14,2,248.34,-496163.1003,0.8742,0.4385,0.4387,0.4551
14,3,244.66,-496486.8425,0.8707,0.4376,0.4374,0.4535
14,4,242.86,-496325.197,0.8708,0.4356,0.435,0.4552
14,5,250.09,-496091.0134,0.8741,0.4376,0.4383,0.4554
14,6,244.49,-495523.2357,0.8799,0.4336,0.4342,0.4609
14,7,242.22,-495951.1229,0.8755,0.4338,0.435,0.4599
14,8,250.21,-497274.3891,0.8731,0.4394,0.4401,0.4577
14,9,246.93,-497065.1555,0.8603,0.4263,0.4262,0.4437
14,10,247.82,-496412.9783,0.8752,0.4381,0.4364,0.4586
14,11,249.9,-496881.2666,0.8739,0.4404,0.441,0.4551
14,12,246.18,-496250.9989,0.8693,0.4371,0.4382,0.4529
14,13,250.85,-495105.7217,0.874,0.4346,0.4356,0.4534
14,14,247.6,-496974.1402,0.8693,0.4383,0.4388,0.4544
14,15,249.08,-496087.5514,0.8729,0.4372,0.4373,0.4562
14,16,248.65,-495677.6303,0.8755,0.4372,0.4365,0.4561
14,17,244.64,-495674.321,0.8754,0.4354,0.4365,0.4574
14,18,241.99,-496622.3371,0.8756,0.4382,0.4386,0.4565
14,19,238.84,-495256.5702,0.8761,0.4315,0.4335,0.4591
14,20,246.05,-496342.1658,0.8703,0.4362,0.4353,0.455
14,21,242.11,-495738.2577,0.8671,0.4263,0.4262,0.45
15,1,335.59,-1161147.5642,0.8566,0.4542,0.4544,0.437
15,2,318.76,-1161967.2883,0.8505,0.4565,0.4566,0.4321
15,3,311.86,-1162784.6891,0.8452,0.4474,0.4467,0.4285
15,4,315.54,-1160689.7587,0.8554,0.4522,0.4531,0.4374
15,5,321.03,-1164253.5564,0.8416,0.454,0.454,0.4265
15,6,311.54,-1162354.3138,0.8564,0.4566,0.457,0.439
15,7,311.46,-1161037.1022,0.8537,0.4532,0.4533,0.4355
15,8,314.22,-1163010.6297,0.8565,0.4544,0.4556,0.4408
15,9,313.96,-1162983.588,0.8508,0.4558,0.4564,0.4336
15,10,313.04,-1163612.4784,0.8428,0.4494,0.4481,0.4257
15,11,315.95,-1163277.7909,0.8509,0.4569,0.4571,0.4341
15,12,360.9,-1165311.0606,0.8381,0.4534,0.4524,0.4223
15,13,309.51,-1161813.0028,0.8557,0.456,0.4565,0.438
15,14,335.89,-1162220.7797,0.8593,0.4545,0.4542,0.4413
15,15,312.67,-1160526.5094,0.854,0.4522,0.4526,0.4361
15,16,314.57,-1161849.8884,0.8516,0.456,0.455,0.4343
15,17,314.15,-1162396.3433,0.8544,0.4561,0.4556,0.4369
15,18,334.21,-1163476.1706,0.855,0.4597,0.4588,0.4367
15,19,319.34,-1162224.4011,0.8505,0.4564,0.4569,0.4329
15,20,312.97,-1160628.0851,0.8543,0.452,0.4524,0.4362
15,21,305.06,-1160698.3439,0.8602,0.4519,0.4528,0.4419
15,22,330.04,-1164902.1235,0.8459,0.4624,0.4626,0.4285
15,23,310.41,-1162909.1863,0.8499,0.4581,0.4576,0.4335
15,24,310.67,-1164199.7638,0.8532,0.458,0.4582,0.4376
15,25,313.17,-1163041.1026,0.8428,0.4525,0.4518,0.4243
15,26,309.72,-1161619.2852,0.852,0.4564,0.4558,0.4334
16,1,447.28,-2715303.8105,0.837,0.4696,0.4692,0.4201
16,2,421.41,-2716041.4134,0.8374,0.4693,0.4693,0.4216
16,3,434.22,-2717851.4842,0.8397,0.4702,0.4706,0.4242
16,4,422.78,-2717700.7698,0.8351,0.4701,0.4701,0.4199
16,5,422.08,-2716734.8201,0.8378,0.4699,0.47,0.422
16,6,425.53,-2715219.6223,0.8377,0.469,0.469,0.4204
16,7,446.59,-2720670.1451,0.8353,0.4733,0.4735,0.4201
16,8,417.17,-2715655.4979,0.8387,0.4679,0.4679,0.4233
16,9,414.87,-2715635.1053,0.8382,0.4697,0.4697,0.4214
16,10,424.21,-2719289.2333,0.8379,0.4726,0.4728,0.4231
16,11,436.29,-2716765.4066,0.8405,0.4693,0.4692,0.4239
16,12,419.15,-2716907.9354,0.8305,0.4627,0.4631,0.4134
16,13,433.37,-2716970.8109,0.8361,0.4702,0.47,0.4202
16,14,432.3,-2717418.2427,0.8348,0.4709,0.471,0.4196
16,15,432.81,-2719424.2407,0.8347,0.4723,0.4725,0.4198
16,16,432.37,-2721013.1624,0.8346,0.4727,0.4727,0.4204
16,17,437.32,-2719445.2556,0.8331,0.4742,0.4742,0.4168
16,18,420.44,-2717030.4518,0.8371,0.4709,0.4706,0.4213
16,19,417.89,-2715808.9603,0.8364,0.47,0.4691,0.4203
16,20,430.01,-2719251.2692,0.8357,0.4715,0.4724,0.4209
16,21,408.1,-2716218.0015,0.8382,0.4707,0.4708,0.4205
16,22,408.73,-2717238.1668,0.8298,0.4622,0.4624,0.4134
16,23,413.37,-2715433.8717,0.8375,0.4689,0.4691,0.4204
17,1,610.99,-6321467.0178,0.822,0.4847,0.4844,0.4084
17,2,612.55,-6321251.6154,0.8204,0.485,0.4848,0.4062
17,3,627.92,-6324763.8134,0.8202,0.4859,0.4853,0.4075
17,4,613.55,-6325639.8211,0.8133,0.479,0.4791,0.3997
17,5,643.39,-6326771.3498,0.8199,0.4874,0.4873,0.4067
17,6,614.3,-6324950.3692,0.8212,0.4855,0.4857,0.4078
17,7,605.27,-6322017.8855,0.8205,0.4845,0.4843,0.4071
17,8,608.57,-6326011.3859,0.8194,0.4875,0.4877,0.4055
17,9,622.02,-6321432.3102,0.8212,0.4844,0.4842,0.4074
17,10,604.12,-6322384.1166,0.8204,0.4846,0.4848,0.4069
17,11,627.51,-6321220.1349,0.8209,0.4845,0.4845,0.407
17,12,625.2,-6320349.905,0.8216,0.4841,0.4837,0.4076
17,13,609.31,-6325197.0948,0.8193,0.4868,0.4866,0.4058
17,14,632.3,-6324391.8769,0.8207,0.4865,0.4866,0.4065
17,15,620.43,-6324248.2777,0.8202,0.4853,0.4853,0.4075
17,16,609.89,-6322838.8314,0.822,0.4848,0.4849,0.4085
17,17,665.67,-6321287.926,0.8208,0.4846,0.4844,0.4066
17,18,641.86,-6324570.7403,0.82,0.4866,0.4857,0.4066
17,19,602.68,-6324222.0659,0.8139,0.4806,0.4808,0.401
17,20,602.65,-6323801.3013,0.8196,0.4854,0.4861,0.4064
18,1,1075.98,-14642276.6714,0.8052,0.4979,0.4979,0.3961
18,2,1004.25,-14644371.45,0.799,0.4925,0.4928,0.3897
18,3,1038.59,-14647817.6625,0.8032,0.5002,0.5,0.3941
18,4,1017.89,-14638942.6684,0.806,0.498,0.498,0.3958
18,5,1042.32,-14640607.1936,0.8051,0.4984,0.4984,0.3953
18,6,1018.88,-14643203.0252,0.7994,0.4922,0.4924,0.3896
18,7,995.96,-14644105.277,0.8062,0.4983,0.4988,0.3963
18,8,1000.17,-14646160.4818,0.7979,0.4938,0.4941,0.3886
18,9,906.49,-14643192.224,0.8055,0.4987,0.4984,0.3958
18,10,910.61,-14644990.2102,0.8059,0.4985,0.4982,0.3967
18,11,922.94,-14644165.651,0.8037,0.4994,0.4994,0.3944
18,12,894.84,-14644089.8861,0.8039,0.4987,0.4986,0.3946
18,13,896.28,-14644725.0152,0.8039,0.499,0.4992,0.3945
18,14,914.36,-14643108.8833,0.8034,0.4995,0.4992,0.3938
18,15,911.59,-14640686.1772,0.7993,0.4937,0.4934,0.389
18,16,979.24,-14643753.0869,0.8051,0.499,0.4989,0.395
19,1,1787.99,-33797053.2379,0.7865,0.5123,0.5122,0.3854
19,2,1832.33,-33793746.3526,0.788,0.5104,0.5104,0.3876
19,3,1816.37,-33799122.0989,0.7873,0.5115,0.5113,0.3872
19,4,1831.36,-33799363.6553,0.7811,0.5066,0.5068,0.3811
19,5,1915.9,-33796448.708,0.7882,0.5106,0.5107,0.3877
19,6,1804.59,-33801756.1652,0.7873,0.5114,0.5114,0.3875
19,7,1771.73,-33805502.87,0.7881,0.5119,0.5117,0.3875
19,8,1821.22,-33796510.4731,0.7876,0.5115,0.5116,0.387
19,9,1772.2,-33801228.2201,0.7817,0.5063,0.5064,0.382
19,10,1793.66,-33801560.3662,0.7874,0.5115,0.5116,0.3872
19,11,1795.97,-33800405.784,0.7874,0.5113,0.5113,0.3872
20,1,3634.92,-77964734.8163,0.7656,0.5219,0.5221,0.3878
20,2,3707.02,-77947884.9715,0.7664,0.5215,0.5215,0.3871
20,3,3616.82,-77956118.2037,0.7665,0.5212,0.5214,0.3881
20,4,3609.33,-77973008.1813,0.7654,0.522,0.5221,0.3879
20,5,3608.51,-77960898.1039,0.7666,0.5213,0.5214,0.3878
20,6,3528.83,-77960883.0978,0.7659,0.5216,0.5218,0.388
20,7,3595.69,-77961718.0437,0.7668,0.5211,0.5213,0.3881
