k,s,total_time_seconds,best_log_likelihood,peak_vram_mb,P00,P01,P10,P11,full_fit,gradient_gpu,init_cpu_gpu,mcmc_cpu,optimizer_gpu,peak_vram_mb,transfer_pcie,warm_up_mcmc_cpu
1,1,6.895473003387451,-0.0004000663757324219,0.01806640625,0.9998999834060669,0.9998999834060669,9.999999747378752e-05,9.999999747378752e-05,5.88467001914978,2.9206349849700928,1.0105750560760498,0.9128520488739014,0.15461421012878418,0.01806640625,0.4026365280151367,1.3779032230377197
1,2,4.348982095718384,-0.0004000663757324219,0.0283203125,0.9998999834060669,9.999999747378752e-05,0.9998999834060669,9.999999747378752e-05,4.346671104431152,2.7573506832122803,0.0020978450775146484,0.9487018585205078,0.09473609924316406,0.0283203125,0.42431163787841797,0.0009305477142333984
1,3,3.6178627014160156,0.0,0.0283203125,0.8999999761581421,0.699999988079071,0.5,0.20000000298023224,3.615546226501465,2.5679359436035156,0.0020771026611328125,0.35037970542907715,0.10838460922241211,0.0283203125,0.4688680171966553,0.0002543926239013672
2,1,5.15194845199585,-5.53035306930542,0.0283203125,0.9998999834060669,0.7420001029968262,0.48183292150497437,9.999999747378752e-05,5.147752046585083,2.9857265949249268,0.004007577896118164,1.5413248538970947,0.09440231323242188,0.0283203125,0.40196943283081055,0.001781463623046875
2,2,5.1855738162994385,-4.838960647583008,0.0283203125,0.9998999834060669,0.5453537702560425,0.5453555583953857,9.999999747378752e-05,5.181561470031738,2.987586259841919,0.003803253173828125,1.6063530445098877,0.09509491920471191,0.0283203125,0.38027334213256836,0.0016248226165771484
2,3,4.34479832649231,-0.0004000663757324219,0.0283203125,0.9998999834060669,0.9998999834060669,9.999999747378752e-05,9.999999747378752e-05,4.340610027313232,2.766219139099121,0.0039637088775634766,0.9159023761749268,0.09587550163269043,0.0283203125,0.44260144233703613,0.0008742809295654297
3,1,7.627999305725098,-20.822600746154784,0.0283203125,0.9998999834060669,0.5685015320777893,0.7623743414878845,0.06668080389499664,7.624093294143677,3.1875391006469727,0.0037081241607666016,3.8207271099090576,0.0952146053314209,0.0283203125,0.4061543941497803,0.004279375076293945
3,2,6.7203049659729,-15.330178260803223,0.0283203125,0.9998999834060669,0.5080479979515076,0.7447749972343445,9.999999747378752e-05,6.716283321380615,3.1740705966949463,0.0038220882415771484,2.972703456878662,0.09380769729614258,0.0283203125,0.365811824798584,0.0036308765411376953
3,3,7.931789875030518,-17.378335380554198,0.0283203125,0.9998999834060669,0.2920699119567871,0.9998999834060669,0.10425536334514618,7.9278178215026855,3.1694793701171875,0.0037555694580078125,4.173178195953369,0.09381794929504395,0.0283203125,0.3809976577758789,0.004138946533203125
4,1,11.583826303482056,-73.71759262084962,0.02880859375,0.7660327553749084,0.9064703583717346,0.6722562909126282,0.09591344743967056,11.579492568969727,3.3846349716186523,0.004130363464355469,7.613682985305786,0.09512782096862793,0.02880859375,0.3744056224822998,0.008264303207397461
4,2,11.076399564743042,-67.39587173461913,0.02880859375,0.9884582757949829,0.6067061424255371,0.618842601776123,0.11754729598760605,11.072629451751709,3.3884644508361816,0.0035758018493652344,7.117540597915649,0.09546184539794922,0.02880859375,0.3622550964355469,0.0071413516998291016
4,3,9.673486232757568,-69.48261489868165,0.02880859375,0.9998999834060669,0.6246857643127441,0.2506568729877472,0.42853131890296936,9.669577598571777,3.2541627883911133,0.0037145614624023438,5.8477630615234375,0.09455537796020508,0.02880859375,0.3636171817779541,0.0059659481048583984
5,1,16.22140336036682,-196.48065643310548,0.03125,0.9998999834060669,0.5780019760131836,0.6261332035064697,0.12350040674209595,16.215389013290405,3.5050313472747803,0.005822181701660156,12.195768356323242,0.09588027000427246,0.03125,0.3138697147369385,0.012247800827026367
5,2,16.566600561141968,-164.9305892944336,0.03125,0.9998999834060669,0.7465969920158386,0.5326921343803406,0.07322769612073898,16.562917470932007,3.316185712814331,0.003492116928100586,12.748758316040039,0.09450197219848633,0.03125,0.2982594966888428,0.01338052749633789
5,3,15.656855821609497,-165.91480255126953,0.03125,0.9998999834060669,0.5443422198295593,0.6150462031364441,0.11405181884765625,15.653252124786377,3.5866498947143555,0.0034165382385253906,11.592877626419067,0.09645485877990723,0.03125,0.284318208694458,0.011919498443603516
6,1,7.8618950843811035,-28.21049270629883,0.03125,0.9998999834060669,0.41084766387939453,0.4661635756492615,9.999999747378752e-05,7.860499858856201,3.3666625022888184,0.0011947154998779297,3.999446153640747,0.09595656394958496,0.03125,0.2998952865600586,0.00476384162902832
6,2,7.504677057266235,-16.996335601806642,0.03125,0.8573701977729797,0.8947802782058716,0.5945684313774109,9.999999747378752e-05,7.500991106033325,3.1704354286193848,0.0034935474395751953,3.8384103775024414,0.09680891036987305,0.03125,0.30924105644226074,0.004693508148193359
6,3,8.158780336380005,-34.5005615234375,0.03125,0.8523560762405396,0.4532472789287567,0.4794086217880249,0.050564587116241455,8.154537200927734,3.38187575340271,0.0040242671966552734,4.2720947265625,0.09675025939941406,0.03125,0.3049280643463135,0.004189252853393555
7,1,18.311762809753418,-267.3840759277344,0.03125,0.9531261324882507,0.6458237171173096,0.46438512206077576,0.03634897992014885,18.307425498962402,3.8180835247039795,0.0041027069091796875,14.001556396484375,0.09684514999389648,0.03125,0.2906460762023926,0.014755010604858398
7,2,18.32165217399597,-266.8862030029297,0.03125,0.9998999834060669,0.6469893455505371,0.4192063510417938,0.05293368548154831,18.318925142288208,3.8220608234405518,0.0025238990783691406,14.021143198013306,0.09798669815063477,0.03125,0.28420042991638184,0.014448404312133789
7,3,18.363763332366943,-242.32864990234376,0.03125,0.9543793797492981,0.6652891635894775,0.4850482642650604,0.03464706242084503,18.359931468963623,3.817215919494629,0.0036296844482421875,14.088739395141602,0.09848380088806152,0.03125,0.2663114070892334,0.014855623245239258
8,1,17.193867206573486,-3471.342919921875,0.0830078125,0.97809898853302,0.6131685972213745,0.5878919363021851,0.18607963621616364,17.185746431350708,4.250053405761719,0.007905721664428711,12.468758344650269,0.09837031364440918,0.0830078125,0.27977943420410156,0.01244044303894043
8,2,16.953967332839966,-3413.035791015625,0.0830078125,0.9665476083755493,0.621372640132904,0.5912356376647949,0.15938930213451385,16.94652509689331,4.245375633239746,0.007250308990478516,12.240522146224976,0.09711670875549316,0.0830078125,0.2722513675689697,0.012226343154907227
8,3,17.1246178150177,-3398.977197265625,0.0830078125,0.9692801833152771,0.6220765113830566,0.589130163192749,0.16769103705883026,17.116615295410156,4.246689319610596,0.0077936649322509766,12.39698076248169,0.0966639518737793,0.0830078125,0.28405022621154785,0.012245893478393555
9,1,21.137075901031494,-8955.21943359375,0.15771484375,0.9599863886833191,0.6143139004707336,0.5910256505012512,0.1922260820865631,21.123217582702637,4.457876682281494,0.013667583465576172,16.22120428085327,0.09693574905395508,0.15771484375,0.25818943977355957,0.016284465789794922
9,2,21.719624280929565,-8866.11123046875,0.16015625,0.9706970453262329,0.6209782361984253,0.5879040360450745,0.17836499214172363,21.706368684768677,4.442467212677002,0.01305532455444336,16.82623600959778,0.09665250778198242,0.16015625,0.25252556800842285,0.016726255416870117
9,3,21.492053747177124,-8923.586328125,0.16015625,0.9732915759086609,0.6179372668266296,0.5848121643066406,0.1861783117055893,21.478729009628296,4.441026449203491,0.013119697570800781,16.595827341079712,0.09678030014038086,0.16015625,0.2569763660430908,0.016858577728271484
10,1,28.73209261894226,-22758.909375,0.3359375,0.9747290015220642,0.6132160425186157,0.5881286859512329,0.19375094771385193,28.704548597335815,4.668839931488037,0.027355670928955078,23.586899757385254,0.09739923477172852,0.3359375,0.25640201568603516,0.024055004119873047
10,2,28.313735485076904,-22750.4591796875,0.3359375,0.9698405265808105,0.617422878742218,0.5809924602508545,0.19533950090408325,28.286593437194824,4.670313358306885,0.02695322036743164,23.176819562911987,0.0978236198425293,0.3359375,0.25227880477905273,0.0235595703125
10,3,28.51516103744507,-22736.2353515625,0.3359375,0.9687423706054688,0.6172347068786621,0.582278847694397,0.1943529099225998,28.48866844177246,4.672706604003906,0.0262906551361084,23.37036943435669,0.09792542457580566,0.3359375,0.25708770751953125,0.023508071899414062
11,1,42.236000299453735,-57485.254296875,0.7412109375,0.9789063930511475,0.5983355641365051,0.5369569659233093,0.20266669988632202,42.06288003921509,4.913168907165527,0.17293000221252441,36.638144731521606,0.09921550750732422,0.7412109375,0.29584383964538574,0.038378000259399414
11,2,41.854597330093384,-57736.3984375,0.7412109375,0.9752564430236816,0.59967041015625,0.5366577506065369,0.2053985595703125,41.80024194717407,4.908377170562744,0.054155826568603516,36.3568902015686,0.09928560256958008,0.7412109375,0.3085751533508301,0.03766202926635742
11,3,41.70729637145996,-57664.055078125,0.7412109375,0.9804700613021851,0.5871720314025879,0.5346587896347046,0.2068558633327484,41.64936447143555,4.902463912963867,0.057733774185180664,36.239580392837524,0.09914541244506836,0.7412109375,0.2919435501098633,0.03781270980834961
12,1,60.93044662475586,-143418.8828125,1.68701171875,0.9827460050582886,0.594632625579834,0.5366992950439453,0.20392730832099915,60.79874563217163,5.087181329727173,0.1314706802368164,55.206870794296265,0.10030245780944824,1.68701171875,0.27399516105651855,0.05864238739013672
12,2,60.0193555355072,-144370.3046875,1.689453125,0.9777835607528687,0.5915449857711792,0.5339756011962891,0.20721501111984253,59.88951325416565,5.117557764053345,0.12964296340942383,54.26074719429016,0.10041642189025879,1.689453125,0.2817089557647705,0.0581204891204834
12,3,59.99799108505249,-144509.5,1.689453125,0.9772279858589172,0.5967904329299927,0.5359542965888977,0.2082616686820984,59.866907596588135,5.155162334442139,0.13088703155517578,54.19456911087036,0.1017141342163086,1.689453125,0.2877800464630127,0.0574495792388916
13,1,87.19466733932495,-355101.33125,3.8505859375,0.990379810333252,0.58399498462677,0.5250126719474792,0.21264825761318207,86.71203446388245,5.444877862930298,0.48240232467651367,80.68292784690857,0.10164952278137207,3.8505859375,0.3183901309967041,0.0872352123260498
13,2,87.26002907752991,-355314.584375,3.8505859375,0.9859256148338318,0.588325023651123,0.5272350907325745,0.21102109551429749,86.96057438850403,5.547431707382202,0.299224853515625,80.81184983253479,0.10046648979187012,3.8505859375,0.33825039863586426,0.08660030364990234
13,3,88.28708171844482,-354810.45,3.8505859375,0.990035891532898,0.5842128396034241,0.5249453783035278,0.21161088347434998,87.80757093429565,5.536499738693237,0.47928833961486816,81.68328475952148,0.10064435005187988,3.8505859375,0.3224310874938965,0.08847165107727051
14,1,125.25143885612488,-886591.2875,8.94091796875,0.9947320818901062,0.5787507891654968,0.5182738900184631,0.22011502087116241,124.32632279396057,5.942512035369873,0.9248321056365967,117.79400515556335,0.10013628005981445,8.94091796875,0.28667116165161133,0.129302978515625
14,2,125.18078184127808,-886505.5875,8.94384765625,0.9941251277923584,0.5799360871315002,0.5189736485481262,0.21905218064785004,124.44514489173889,5.833633661270142,0.7353885173797607,118.02404642105103,0.10049200057983398,8.94384765625,0.28436803817749023,0.131300687789917
14,3,125.96175217628479,-885898.91875,8.94384765625,0.998395562171936,0.5783012509346008,0.5176824927330017,0.22141100466251373,124.89219498634338,5.821979284286499,1.0692739486694336,118.48547339439392,0.10026192665100098,8.94384765625,0.28385376930236816,0.13013076782226562
15,1,181.45303463935852,-2178851.625,20.60302734375,0.9996511936187744,0.5769128203392029,0.5151723027229309,0.2240288257598877,179.43146133422852,6.163593530654907,2.021282434463501,172.56293201446533,0.10082387924194336,20.60302734375,0.3385486602783203,0.1960608959197998
15,2,181.04225873947144,-2178038.95,20.60302734375,0.9998999834060669,0.5764898061752319,0.5155965089797974,0.2241639494895935,178.68262100219727,6.181347370147705,2.359337091445923,171.80113172531128,0.10036087036132812,20.60302734375,0.337352991104126,0.19313406944274902
15,3,180.37675309181213,-2178868.125,20.60302734375,0.9983550906181335,0.5765429735183716,0.5161271095275879,0.2228594273328781,178.11951422691345,6.16202712059021,2.2569172382354736,171.25686192512512,0.10049319267272949,20.60302734375,0.3424816131591797,0.19235825538635254
16,1,161.06935930252075,-5353579.85,47.6376953125,0.9998999834060669,0.5736393928527832,0.5126740336418152,0.22904394567012787,155.8430290222168,6.429272890090942,5.225765705108643,148.59790468215942,0.10160541534423828,47.6376953125,0.49611854553222656,0.14866209030151367
16,2,148.97133564949036,-5356673.45,47.6376953125,0.9986364841461182,0.5716753602027893,0.5111739039421082,0.22753490507602692,143.50377464294434,6.456964492797852,5.467091083526611,136.23872828483582,0.10259342193603516,47.6376953125,0.4888336658477783,0.14716410636901855
16,3,149.87605023384094,-5354233.4,47.642578125,0.9998999834060669,0.57382732629776,0.512762725353241,0.22899045050144196,144.1550145149231,6.474331855773926,5.7205188274383545,136.8848271369934,0.10251522064208984,47.642578125,0.4821512699127197,0.14229869842529297
17,1,233.5734281539917,-13103101.9,112.0126953125,0.9998999834060669,0.5709546804428101,0.5094723105430603,0.23728440701961517,220.21024012565613,6.6303911209106445,13.361876249313354,209.22466373443604,0.09796690940856934,112.0126953125,0.6927683353424072,0.2194371223449707
17,2,231.493394613266,-13102212.3,112.0126953125,0.9998999834060669,0.5685020685195923,0.5069370269775391,0.23448298871517181,217.36907601356506,6.628720045089722,14.123013734817505,206.38574647903442,0.09845829010009766,112.0126953125,0.6886522769927979,0.22624731063842773
17,3,234.61008286476135,-13102071.9,112.01318359375,0.9998999834060669,0.5684998035430908,0.507502019405365,0.23421387374401093,220.9464328289032,6.447735071182251,13.662308692932129,209.8788297176361,0.09776186943054199,112.01318359375,0.7864279747009277,0.22301173210144043
18,1,375.5316114425659,-32037853.2,255.49072265625,0.9998999834060669,0.5659037828445435,0.5043250918388367,0.2446001023054123,342.1263451576233,6.800309419631958,33.40268301963806,317.62054467201233,0.09857797622680664,255.49072265625,0.8927321434020996,0.33715176582336426
18,2,379.9807424545288,-32042543.8,255.49658203125,0.9998999834060669,0.5654270648956299,0.5036504864692688,0.24445992708206177,345.0388889312744,6.797226667404175,34.93906879425049,320.56582260131836,0.09900188446044922,255.49658203125,0.8764052391052246,0.34724926948547363
18,3,372.5391089916229,-32047518.8,255.49658203125,0.9998999834060669,0.5632529854774475,0.5016130208969116,0.24234135448932648,337.63304471969604,6.689167022705078,34.90278339385986,313.1596760749817,0.09886646270751953,255.49658203125,0.8707623481750488,0.3203847408294678
19,1,617.0248620510101,-78472190.4,587.2548828125,0.9998999834060669,0.5610930919647217,0.4987569749355316,0.25430095195770264,530.6480038166046,7.169112205505371,86.3709545135498,473.98900842666626,0.09994888305664062,587.2548828125,1.5585112571716309,0.4947047233581543
19,2,614.5293569564819,-78479448.8,587.26806640625,0.9998999834060669,0.5610581636428833,0.49873852729797363,0.2543139159679413,526.0436878204346,7.158294200897217,88.47809600830078,469.7366724014282,0.10027599334716797,587.26806640625,1.4453232288360596,0.5012154579162598
19,3,619.0841915607452,-78480279.2,587.26806640625,0.9998999834060669,0.561060905456543,0.4987538456916809,0.254318505525589,530.9725680351257,7.149896144866943,88.10406279563904,474.6570506095886,0.1001427173614502,587.26806640625,1.4363701343536377,0.5186500549316406
20,1,1041.2130043506622,-193210289.6,1363.09765625,0.9959807395935059,0.5578584671020508,0.4949735105037689,0.26609688997268677,821.761775970459,7.302527666091919,219.43392133712769,685.9166159629822,0.10103821754455566,1363.09765625,3.1914889812469482,0.785672664642334
20,2,1079.8058834075928,-193193537.6,1363.09765625,0.9944083094596863,0.5557860136032104,0.49294206500053406,0.2639504373073578,848.2470107078552,7.312457323074341,231.54468250274658,706.6198856830597,0.10046172142028809,1363.09765625,3.26619553565979,0.755469560623169
20,3,1064.872756242752,-193185366.4,1363.09765625,0.9956652522087097,0.5570855140686035,0.494131475687027,0.26526230573654175,833.7576925754547,7.324899673461914,231.10124373435974,686.0570170879364,0.09941411018371582,1363.09765625,3.2754452228546143,0.7644174098968506
