k,sample,time,theta_0,theta_1,theta_2,theta_3
1,1,153.07775855064392,0.9998999834060669,0.12679530680179596,0.975431501865387,9.999999747378752e-05
1,2,145.45673274993896,0.9998999834060669,0.9998999834060669,9.999999747378752e-05,9.999999747378752e-05
1,4,147.1983666419983,0.9998999834060669,0.9998999834060669,9.999999747378752e-05,9.999999747378752e-05
1,5,146.88259053230286,0.9998999834060669,0.1060297042131424,0.9943719506263733,9.999999747378752e-05
1,6,145.52858233451843,0.9998999834060669,0.1064070612192154,0.969571053981781,9.999999747378752e-05
1,7,143.662202835083,0.9998999834060669,0.1060297042131424,0.9943719506263733,9.999999747378752e-05
1,8,186.19148516654968,0.9998999834060669,0.9998999834060669,0.9998999834060669,9.999999747378752e-05
1,9,146.13668155670166,0.9998999834060669,0.10635703802108765,0.9710789322853088,9.999999747378752e-05
1,11,145.39535307884216,0.9998999834060669,0.11729538440704346,0.9623256325721741,9.999999747378752e-05
1,12,179.1990783214569,0.9998999834060669,0.9998999834060669,0.9998999834060669,9.999999747378752e-05
1,13,146.2631058692932,0.9998999834060669,0.9998999834060669,9.999999747378752e-05,9.999999747378752e-05
1,14,145.54203510284424,0.9998999834060669,0.11767400801181793,0.9615062475204468,9.999999747378752e-05
1,15,181.33964085578918,0.9998999834060669,0.9998999834060669,0.9998999834060669,9.999999747378752e-05
1,16,178.04327487945557,0.9998999834060669,0.9998999834060669,0.9998999834060669,9.999999747378752e-05
1,18,176.46166586875916,0.9998999834060669,0.9998999834060669,0.9998999834060669,9.999999747378752e-05
1,19,147.19635701179504,0.9998999834060669,0.12712156772613525,0.9750288128852844,9.999999747378752e-05
1,20,146.0525722503662,0.9998999834060669,0.10621154308319092,0.976097583770752,9.999999747378752e-05
1,21,229.89289951324463,9.999999747378752e-05,0.6929649114608765,0.2533785402774811,9.999999747378752e-05
1,22,176.6607310771942,0.9998999834060669,0.9998999834060669,0.9998999834060669,9.999999747378752e-05
1,23,177.35356330871582,0.9998999834060669,0.9998999834060669,0.9998999834060669,9.999999747378752e-05
1,24,144.5345435142517,0.9998999834060669,0.9998999834060669,9.999999747378752e-05,9.999999747378752e-05
1,25,147.33718347549438,0.9998999834060669,0.10630781203508377,0.9726608991622925,9.999999747378752e-05
1,26,177.50091314315796,0.9998999834060669,0.9998999834060669,0.9998999834060669,9.999999747378752e-05
1,27,146.2647750377655,0.9998999834060669,0.9998999834060669,9.999999747378752e-05,9.999999747378752e-05
1,28,233.01115131378174,0.26969435811042786,0.9998999834060669,0.9476889967918396,9.999999747378752e-05
2,1,194.8393371105194,0.9998999834060669,0.5261182188987732,0.5261180400848389,9.999999747378752e-05
2,2,198.9002993106842,0.9998999834060669,0.7278919219970703,0.676779568195343,9.999999747378752e-05
2,3,202.3256402015686,0.9998999834060669,0.8317404389381409,0.49550628662109375,9.999999747378752e-05
2,4,210.3370156288147,0.9998999834060669,0.9998999834060669,0.7332169413566589,9.999999747378752e-05
2,5,193.46749114990234,0.9998999834060669,0.9998999834060669,0.23179341852664948,9.999999747378752e-05
2,6,229.92780017852783,0.5435172915458679,0.9962251782417297,0.33973589539527893,9.999999747378752e-05
2,7,195.0865159034729,0.9998999834060669,0.6392717957496643,0.7025293707847595,9.999999747378752e-05
2,8,245.77392625808716,0.8850138783454895,0.9998999834060669,0.2712935209274292,9.999999747378752e-05
2,9,195.03234577178955,0.9998999834060669,0.842578649520874,0.5085175037384033,9.999999747378752e-05
2,10,173.56488347053528,0.9998999834060669,0.3957623243331909,0.4185124337673187,9.999999747378752e-05
2,11,172.93821597099304,0.9998999834060669,0.6020557880401611,9.999999747378752e-05,0.2716946005821228
2,12,192.79412961006165,0.9998999834060669,0.23396669328212738,0.9998999834060669,9.999999747378752e-05
2,13,197.19429183006287,0.9998999834060669,0.9998999834060669,0.25651633739471436,9.999999747378752e-05
2,14,198.46647691726685,0.9998999834060669,0.9998999834060669,0.2233504056930542,9.999999747378752e-05
2,15,174.50102162361145,0.9998999834060669,0.9557281732559204,9.999999747378752e-05,9.999999747378752e-05
2,16,201.52132058143616,0.9998999834060669,0.48655974864959717,0.9998999834060669,9.999999747378752e-05
2,17,197.48390769958496,0.9998999834060669,0.9998999834060669,0.48488086462020874,9.999999747378752e-05
2,18,234.40034747123718,0.9998999834060669,0.9998999834060669,0.9998999834060669,9.999999747378752e-05
2,19,188.8375391960144,0.9998999834060669,0.5399912595748901,0.5399906635284424,9.999999747378752e-05
2,20,206.091703414917,0.9998999834060669,0.9998999834060669,0.4778763949871063,9.999999747378752e-05
2,21,197.88498210906982,0.9998999834060669,0.8510460257530212,0.5204964280128479,9.999999747378752e-05
3,1,215.5393693447113,0.9998999834060669,0.4929916560649872,0.7012431025505066,9.999999747378752e-05
3,2,218.30293130874634,0.9998999834060669,0.7281036972999573,0.545404851436615,9.999999747378752e-05
3,3,220.23648691177368,0.9998999834060669,0.669842541217804,0.6120456457138062,9.999999747378752e-05
3,4,218.363436460495,0.9948134422302246,0.5559104084968567,0.7770006060600281,0.0464620515704155
3,5,222.95981192588806,0.9998999834060669,0.7130515575408936,0.6605026721954346,9.999999747378752e-05
3,6,224.721342086792,0.9998999834060669,0.6366986632347107,0.9998999834060669,9.999999747378752e-05
3,7,224.0091359615326,0.9998999834060669,0.7356934547424316,0.8037095665931702,9.999999747378752e-05
3,8,210.07173085212708,0.9998999834060669,0.5452019572257996,0.6933821439743042,0.20792065560817719
3,9,218.72024154663086,0.9998999834060669,0.5409669876098633,0.6513952016830444,9.999999747378752e-05
3,10,218.330664396286,0.9998999834060669,0.6845331192016602,0.5709194540977478,9.999999747378752e-05
3,11,218.7692391872406,0.9998999834060669,0.3872883915901184,0.8051468133926392,9.999999747378752e-05
3,12,229.000812292099,0.9998999834060669,0.9998999834060669,0.4522635340690613,9.999999747378752e-05
3,13,226.10749650001526,0.8819141387939453,0.9998999834060669,0.5508872866630554,9.999999747378752e-05
3,14,236.90223503112793,0.45877689123153687,0.7876231670379639,0.8313480019569397,9.999999747378752e-05
3,15,221.2543122768402,0.9998999834060669,0.7697899341583252,0.47639769315719604,9.999999747378752e-05
3,16,237.320454120636,0.23217669129371643,0.3640885055065155,0.8310865163803101,0.30588579177856445
3,17,209.5756332874298,0.9998999834060669,0.8752502799034119,0.47859200835227966,0.08381041139364243
3,18,238.74473214149475,0.9998999834060669,0.7026242017745972,0.7140832543373108,9.999999747378752e-05
3,19,236.88685536384583,0.5833967328071594,0.634299099445343,0.832610547542572,9.999999747378752e-05
4,1,229.54664540290833,0.8355819582939148,0.6158474683761597,0.6943729519844055,9.999999747378752e-05
4,2,232.65500354766846,0.9998999834060669,0.602578341960907,0.6634470224380493,9.999999747378752e-05
4,3,222.57053661346436,0.9499131441116333,0.42549437284469604,0.6842827796936035,9.999999747378752e-05
4,4,221.6490569114685,0.9003749489784241,0.461472749710083,0.5415765643119812,9.999999747378752e-05
4,5,227.27975964546204,0.9998999834060669,0.5734966397285461,0.6004446148872375,9.999999747378752e-05
4,6,231.97575688362122,0.7787955403327942,0.5087747573852539,0.8343996405601501,9.999999747378752e-05
4,7,223.11504340171814,0.9998999834060669,0.4348001778125763,0.6768513321876526,9.999999747378752e-05
4,8,237.61876797676086,0.8431113362312317,0.6002216935157776,0.7594689130783081,9.999999747378752e-05
4,9,239.51367688179016,0.8597941398620605,0.406414657831192,0.7935006618499756,9.999999747378752e-05
4,10,228.70232248306274,0.9470330476760864,0.6769804954528809,0.5164475440979004,9.999999747378752e-05
4,11,225.45077300071716,0.9998999834060669,0.5373779535293579,0.526584267616272,9.999999747378752e-05
4,12,231.11813926696777,0.9998999834060669,0.6544122099876404,0.6642621755599976,9.999999747378752e-05
4,13,231.4637427330017,0.8777420520782471,0.7282040119171143,0.5242599248886108,9.999999747378752e-05
4,14,221.68797063827515,0.9998999834060669,0.404854416847229,0.5866413712501526,9.999999747378752e-05
4,15,230.8347887992859,0.9558178782463074,0.6711099743843079,0.5977802872657776,9.999999747378752e-05
4,16,224.0455527305603,0.9998999834060669,0.6216688752174377,0.5608222484588623,9.999999747378752e-05
4,17,230.42034363746643,0.9807716012001038,0.6759384870529175,0.607422411441803,9.999999747378752e-05
4,18,234.2946982383728,0.819525957107544,0.6612496376037598,0.5788291096687317,9.999999747378752e-05
4,19,225.1012156009674,0.8448503017425537,0.6346089243888855,0.5753086805343628,9.999999747378752e-05
5,1,230.81744480133057,0.9752763509750366,0.6999309062957764,0.5820032358169556,0.026000749319791794
5,2,235.7327082157135,0.9998999834060669,0.6906888484954834,0.58540940284729,9.999999747378752e-05
5,3,235.72389698028564,0.8175156116485596,0.741085946559906,0.5936084389686584,9.999999747378752e-05
5,4,234.44390678405762,0.9998999834060669,0.6283140182495117,0.5321776270866394,9.999999747378752e-05
5,5,237.51497888565063,0.9674496054649353,0.7194098234176636,0.44120997190475464,9.999999747378752e-05
5,6,233.79093551635742,0.9998999834060669,0.6261864304542542,0.6376612186431885,9.999999747378752e-05
5,7,234.93142175674438,0.9998999834060669,0.5898674726486206,0.6388586759567261,9.999999747378752e-05
5,8,232.17645406723022,0.960298478603363,0.6931389570236206,0.6592361927032471,9.999999747378752e-05
5,9,235.82891035079956,0.9470617771148682,0.5600310564041138,0.657169759273529,9.999999747378752e-05
5,10,231.90359473228455,0.9998999834060669,0.43752822279930115,0.5964798331260681,0.0866442322731018
5,11,230.84936547279358,0.9998999834060669,0.5661395788192749,0.5825057625770569,0.015416674315929413
5,12,230.91630673408508,0.9998999834060669,0.640824019908905,0.5233246684074402,9.999999747378752e-05
5,13,229.8675479888916,0.9998999834060669,0.5507606267929077,0.4980646073818207,9.999999747378752e-05
5,14,238.76180005073547,0.8562549948692322,0.6672105193138123,0.5169188380241394,0.0039604417979717255
5,15,234.62289023399353,0.9998999834060669,0.6694543361663818,0.431038498878479,0.059614673256874084
5,16,228.78262186050415,0.9603826403617859,0.6146088242530823,0.5547252297401428,0.0176331028342247
5,17,235.6720895767212,0.9998999834060669,0.6485530138015747,0.6654884219169617,0.03868968412280083
5,18,230.36161279678345,0.9795868396759033,0.7227150797843933,0.5494194030761719,9.999999747378752e-05
6,1,218.34868359565735,0.9998999834060669,0.42815589904785156,0.34911590814590454,9.999999747378752e-05
6,2,219.01444125175476,0.9998999834060669,0.8206438422203064,0.5560006499290466,9.999999747378752e-05
6,3,234.76389122009277,0.7929500341415405,0.5390810966491699,0.49880391359329224,9.999999747378752e-05
6,4,228.89469814300537,0.8836796879768372,0.4997204542160034,0.44729501008987427,9.999999747378752e-05
6,5,234.82433104515076,0.9973289370536804,0.454214483499527,0.3916195333003998,9.999999747378752e-05
6,6,218.23460578918457,0.7590968012809753,0.9998999834060669,0.5635457038879395,9.999999747378752e-05
6,7,241.9119143486023,0.9701817631721497,0.41722244024276733,0.398271381855011,9.999999747378752e-05
6,8,237.26865315437317,0.9400496482849121,0.5754134058952332,0.31483930349349976,9.999999747378752e-05
6,9,220.87281894683838,0.9998999834060669,0.7971500158309937,0.5215607285499573,9.999999747378752e-05
6,10,235.22924971580505,0.854528546333313,0.9265497326850891,0.5756387710571289,9.999999747378752e-05
6,11,214.3297736644745,0.9998999834060669,0.5113784670829773,0.3218749165534973,9.999999747378752e-05
6,12,218.7157757282257,0.9998999834060669,0.39573684334754944,0.41126713156700134,9.999999747378752e-05
6,13,234.85834193229675,0.924315333366394,0.530895471572876,0.3976576626300812,9.999999747378752e-05
6,14,230.6501281261444,0.7085545659065247,0.7295708656311035,0.9369544982910156,9.999999747378752e-05
6,15,229.2092366218567,0.8424299359321594,0.5300869941711426,0.4412085711956024,9.999999747378752e-05
6,16,232.61329555511475,0.7276804447174072,0.7281765341758728,0.9044753313064575,9.999999747378752e-05
6,17,235.2593948841095,0.8996716737747192,0.5268738269805908,0.40805602073669434,9.999999747378752e-05
6,18,215.44122982025146,0.9194864630699158,0.8005879521369934,0.6302700638771057,9.999999747378752e-05
6,19,233.47866916656494,0.7809489965438843,0.4826006591320038,0.5569834113121033,9.999999747378752e-05
7,1,234.18134331703186,0.9056552648544312,0.5714412331581116,0.5667290687561035,0.04552624747157097
7,2,240.3850839138031,0.9728755950927734,0.5157023668289185,0.566849946975708,0.03738415241241455
7,3,238.14004397392273,0.9029819965362549,0.5734947919845581,0.5449472069740295,0.05095827952027321
7,4,232.81115055084229,0.9573178887367249,0.5611058473587036,0.53884357213974,0.04442412033677101
7,5,234.69248056411743,0.9854021072387695,0.5453580021858215,0.5848155617713928,0.04797855019569397
7,6,235.05491137504578,0.9998999834060669,0.5224233865737915,0.5761018991470337,0.1090594232082367
7,7,237.45275211334229,0.9142088890075684,0.5665078163146973,0.5999333262443542,0.033102620393037796
7,8,235.40818881988525,0.9818004965782166,0.49659422039985657,0.5432637333869934,0.07684028148651123
7,9,237.4758815765381,0.974163293838501,0.5677255988121033,0.5825028419494629,0.0740436464548111
7,10,238.8366858959198,0.9443916082382202,0.5497608780860901,0.5629020929336548,0.04729244485497475
7,11,236.96211671829224,0.97034752368927,0.5669907331466675,0.5491219758987427,0.026370428502559662
7,12,236.25313448905945,0.9503936171531677,0.5246432423591614,0.5320891737937927,0.03167485445737839
7,13,237.8458068370819,0.9998999834060669,0.5564572811126709,0.5044398307800293,0.06124429404735565
7,14,240.5021915435791,0.9475246071815491,0.48831766843795776,0.5472244024276733,0.06304970383644104
7,15,237.21127319335938,0.9516403079032898,0.634060263633728,0.5655807852745056,0.04974532499909401
7,16,234.60326290130615,0.9879496097564697,0.5753523111343384,0.5384395122528076,0.07090223580598831
7,17,236.4700059890747,0.9998999834060669,0.5779457688331604,0.5520196557044983,0.07517682760953903
7,18,234.83007550239563,0.9605875611305237,0.596137285232544,0.5501505136489868,0.04243055731058121
8,1,237.32454323768616,0.9998999834060669,0.5361865758895874,0.5350146293640137,0.06506133079528809
8,2,243.07538175582886,0.9967017769813538,0.508843183517456,0.5109894275665283,0.06795211881399155
8,3,237.0174903869629,0.958977997303009,0.5130000114440918,0.49133482575416565,0.033358462154865265
8,4,234.40530586242676,0.9690748453140259,0.5032146573066711,0.4799920320510864,0.030713755637407303
8,5,240.41675400733948,0.9617217183113098,0.513500452041626,0.4722278118133545,0.03164823353290558
8,6,237.44202041625977,0.9998999834060669,0.48789891600608826,0.5260517001152039,0.06477990746498108
8,7,236.1216640472412,0.9688448905944824,0.5115017294883728,0.5181912779808044,0.036951810121536255
8,8,236.88102555274963,0.9594823122024536,0.49007657170295715,0.47992050647735596,0.03670879080891609
8,9,236.9445207118988,0.9822216033935547,0.49190574884414673,0.49635785818099976,0.05462517961859703
8,10,239.6218364238739,0.9723415374755859,0.47654426097869873,0.4851066470146179,0.06115990877151489
8,11,236.67335438728333,0.976364254951477,0.4755556583404541,0.49046674370765686,0.05714588239789009
8,12,240.5526521205902,0.9998999834060669,0.5250005722045898,0.5463070869445801,0.08295394480228424
8,13,239.58255743980408,0.9168785214424133,0.5179816484451294,0.524747371673584,0.03616654500365257
8,14,235.36729431152344,0.9719197154045105,0.5036481618881226,0.4933111369609833,0.036588773131370544
8,15,238.2189884185791,0.9757965803146362,0.5126688480377197,0.49815505743026733,0.039017803966999054
8,16,243.03055548667908,0.9799720644950867,0.5424150228500366,0.5290024280548096,0.0401470847427845
8,17,233.67673802375793,0.9913121461868286,0.5165024995803833,0.5382757186889648,0.06045748293399811
8,18,236.16378545761108,0.9625274538993835,0.501172661781311,0.5155075192451477,0.027450550347566605
9,1,238.9132478237152,0.9998999834060669,0.5448762774467468,0.5393694043159485,0.10379444062709808
9,2,237.13921642303467,0.9998999834060669,0.572262167930603,0.5516504049301147,0.09588488936424255
9,3,235.6415979862213,0.9619577527046204,0.5153324604034424,0.5089631080627441,0.07465846836566925
9,4,239.676677942276,0.9642530679702759,0.5326934456825256,0.49597617983818054,0.07481682300567627
9,5,236.74327087402344,0.9998999834060669,0.5331749320030212,0.541443943977356,0.1118641048669815
9,6,236.11932682991028,0.9998999834060669,0.5603582859039307,0.5453357696533203,0.11742342263460159
9,7,235.55939078330994,0.9998999834060669,0.5434490442276001,0.5509183406829834,0.09946435689926147
9,8,237.2112593650818,0.9940724968910217,0.5358097553253174,0.5506173968315125,0.1059260219335556
9,9,241.16360640525818,0.9678762555122375,0.5157027840614319,0.5139132142066956,0.07683486491441727
9,10,238.9329550266266,0.9814050793647766,0.5571240782737732,0.5684894323348999,0.11804445087909698
9,11,236.65954899787903,0.9998999834060669,0.5594109892845154,0.548775315284729,0.11236536502838135
9,12,239.475355386734,0.9559922218322754,0.5402225852012634,0.5217674374580383,0.057319965213537216
9,13,245.7145025730133,0.9866973161697388,0.538348913192749,0.515656054019928,0.08684360235929489
9,14,239.01705503463745,0.9998999834060669,0.5559920072555542,0.5093715190887451,0.10141502320766449
9,15,238.7292492389679,0.9506178498268127,0.5284299254417419,0.5362114906311035,0.05899609625339508
9,16,234.41956400871277,0.9841207265853882,0.520816445350647,0.5166633129119873,0.08607980608940125
9,17,234.78859305381775,0.9998999834060669,0.5578952431678772,0.5469623804092407,0.10605509579181671
9,18,238.40375232696533,0.9998999834060669,0.5562330484390259,0.5627142190933228,0.10551969707012177
10,1,237.81025552749634,0.9998999834060669,0.5205489993095398,0.5320821404457092,0.11531738936901093
10,2,235.77214336395264,0.9998999834060669,0.534933865070343,0.5428735613822937,0.13222256302833557
10,3,240.39713549613953,0.9998999834060669,0.5367059111595154,0.5463180541992188,0.13851319253444672
10,4,241.09030055999756,0.9998999834060669,0.537480354309082,0.5306773781776428,0.13599620759487152
10,5,237.79721879959106,0.9998999834060669,0.5407310128211975,0.5418848991394043,0.13731737434864044
10,6,240.04398584365845,0.9998999834060669,0.530709981918335,0.5368788242340088,0.12413138151168823
10,7,238.47581958770752,0.9998999834060669,0.54120272397995,0.5561477541923523,0.13075298070907593
10,8,239.53520488739014,0.9998999834060669,0.5315099358558655,0.5216690301895142,0.11741259694099426
10,9,244.43982601165771,0.9998999834060669,0.5315621495246887,0.5314549207687378,0.11715672165155411
10,10,235.60666608810425,0.9998999834060669,0.5499795079231262,0.5331647992134094,0.12551391124725342
10,11,235.45969152450562,0.9998999834060669,0.543427586555481,0.5414940118789673,0.14037874341011047
10,12,237.86342310905457,0.9998999834060669,0.5253157615661621,0.5270466804504395,0.12079701572656631
10,13,244.30703616142273,0.9998999834060669,0.5318964123725891,0.531737744808197,0.11824991554021835
10,14,243.06028652191162,0.9998999834060669,0.5451741814613342,0.5407674908638,0.12762218713760376
10,15,237.97138738632202,0.9998999834060669,0.541165828704834,0.537242591381073,0.1328824758529663
10,16,245.3666741847992,0.9998999834060669,0.54185551404953,0.5449289679527283,0.123308464884758
10,17,236.7708146572113,0.9998999834060669,0.5493684411048889,0.5337578654289246,0.14320513606071472
10,18,239.00001907348633,0.9998999834060669,0.5370303988456726,0.5400755405426025,0.13062439858913422
11,1,237.71133661270142,0.9998999834060669,0.5318938493728638,0.5285545587539673,0.14276240766048431
11,2,238.34379625320435,0.9998999834060669,0.5373220443725586,0.5313220024108887,0.15424929559230804
11,3,246.78897976875305,0.9998999834060669,0.5132322311401367,0.5067266225814819,0.1449100524187088
11,4,241.4415316581726,0.9998999834060669,0.5303191542625427,0.5291521549224854,0.15662410855293274
11,5,246.07949566841125,0.9998999834060669,0.517585277557373,0.5132150650024414,0.13490411639213562
11,6,234.90265417099,0.9998999834060669,0.5153523087501526,0.5181568264961243,0.14336039125919342
11,7,234.4726688861847,0.9998999834060669,0.5239897966384888,0.5213301777839661,0.1481735110282898
11,8,240.5241379737854,0.9998999834060669,0.541433572769165,0.5259389281272888,0.15428131818771362
11,9,247.48587894439697,0.9998999834060669,0.5342200994491577,0.5243127942085266,0.15608924627304077
11,10,234.79730343818665,0.9998999834060669,0.5169990062713623,0.517428994178772,0.14091119170188904
11,11,237.7461965084076,0.9998999834060669,0.5246289968490601,0.5147190690040588,0.14403681457042694
11,12,239.9819142818451,0.9998999834060669,0.5215443968772888,0.5240790843963623,0.14130309224128723
11,13,236.5965759754181,0.9998999834060669,0.5236880779266357,0.535831093788147,0.14309877157211304
11,14,238.2144660949707,0.9998999834060669,0.5207165479660034,0.5109291076660156,0.13533909618854523
11,15,235.41498565673828,0.9998999834060669,0.5146646499633789,0.5080650448799133,0.13961303234100342
11,16,236.3802273273468,0.9998999834060669,0.5371635556221008,0.5287940502166748,0.15602238476276398
11,17,240.08454203605652,0.9998999834060669,0.5305392742156982,0.5305758714675903,0.15466156601905823
11,18,236.62839555740356,0.9998999834060669,0.533655047416687,0.5383685231208801,0.1517534703016281
12,1,238.35830640792847,0.9793480634689331,0.4923177659511566,0.49291154742240906,0.14598225057125092
12,2,234.7088987827301,0.9871504306793213,0.4925607740879059,0.49297165870666504,0.1396394670009613
12,3,239.50424098968506,0.9947997331619263,0.4956817328929901,0.49509501457214355,0.1529207080602646
12,4,235.84633374214172,0.9777621626853943,0.482708215713501,0.4907393157482147,0.14523492753505707
12,5,238.3048174381256,0.980929970741272,0.49347981810569763,0.4916342496871948,0.14041940867900848
12,6,246.99618291854858,0.9947752952575684,0.49388524889945984,0.4972080588340759,0.14893583953380585
12,7,241.11218738555908,0.9724994897842407,0.49165236949920654,0.48378944396972656,0.14024515450000763
12,8,237.47644639015198,0.9691765904426575,0.48615968227386475,0.4826275408267975,0.1426132619380951
12,9,235.94247102737427,0.994886040687561,0.49840879440307617,0.4991888701915741,0.14876796305179596
12,10,235.6027798652649,0.9947330951690674,0.4901295304298401,0.5006331205368042,0.15149381756782532
12,11,234.45160174369812,0.9644709825515747,0.4845111072063446,0.4822786748409271,0.1302221715450287
12,12,237.25251507759094,0.9849417805671692,0.492455393075943,0.494686484336853,0.14169074594974518
12,13,238.0988826751709,0.9998999834060669,0.4945829212665558,0.49720168113708496,0.15497002005577087
12,14,238.71978378295898,0.9815406799316406,0.4920176863670349,0.4889874756336212,0.13835521042346954
12,15,236.59702253341675,0.9998999834060669,0.4959389865398407,0.5017141699790955,0.14917871356010437
12,16,233.61524939537048,0.9947851300239563,0.5000554323196411,0.4973980188369751,0.14915643632411957
12,17,238.37646389007568,0.9790722131729126,0.49022045731544495,0.4920239746570587,0.13755619525909424
12,18,237.98995113372803,0.9788355827331543,0.48607727885246277,0.4862349331378937,0.13651011884212494
